"Epic","Feature","Story","FAILED","BROKEN","PASSED","SKIPPED","UNKNOWN"
"","sort_app","Algorithm Correctness","0","0","7","0","0"
"","DMA-BUF Tools","","0","0","0","3","0"
"","cv_test","Filter","0","0","3","0","0"
"","slt Command","","0","0","6","0","0"
"","DMA-BUF Module","Module Reload","0","0","3","0","0"
"","sort_app","","0","0","5","0","0"
"","cv_test","Repeat","0","0","2","0","0"
"","DMA-BUF Stress","Stability","0","0","0","3","0"
"","sort_app","Edge Cases","0","0","4","0","0"
"","cv_test","Binary","0","0","2","0","0"
"","DMA-BUF Full Pipeline","","0","0","0","2","0"
"","cv_test","List","0","0","3","0","0"
"","slt Directories","","0","0","2","0","0"
"","Services","","0","0","3","0","0"
"","slt Config","","0","0","4","0","0"
"","DMA-BUF Concurrency","","0","0","0","2","0"
"","DMA-BUF Sync File","","0","0","0","2","0"
"","System CPU","","0","0","3","0","0"
"","Process","","0","0","3","0","0"
"","Filesystem","","0","0","4","0","0"
"","cv_test","Execution","0","0","2","0","0"
"","elog elogcat","","0","0","2","0","0"
"","DMA-BUF Heap","","0","0","0","2","0"
"","DMA-BUF Importer","","0","0","0","1","0"
"","slt TCP Port","","0","0","2","0","0"
"","System Memory","","0","0","2","0","0"
"","QEMU Monitor","","0","0","3","0","0"
"","slt Daemon","","0","0","4","0","0"
"","System Kernel","","0","0","2","0","0"
"","DMA-BUF Exporter","","0","0","0","2","0"
"","DMA-BUF CPU Sync","","0","0","0","1","0"
"","elog Integration Test","","0","0","2","0","0"
"","elog Unit Test","","0","0","2","0","0"
"","DMA-BUF Module","","0","0","3","0","0"
"","elog Daemon","","0","0","2","0","0"
"","elog Flush","","0","0","2","0","0"
"","elog Buffer","","0","0","2","0","0"
"","elog Write/Read","","0","0","2","0","0"
"","DMA-BUF Module","Module Reload Stability","0","0","0","1","0"
"","DMA-BUF Implicit Sync","","0","0","0","1","0"
